need this column for the csv to work?,alt,image
4th of July Independence Dar Fireworks Cinemagaph Perfect Loop,4th of July Independence Day Fireworks Cinemagaph Perfect Loop,fireworks.gif
Air Traffic Control Tower Cinemagraph Pefect Loop,Air Traffic Control Tower Cinemagraph Pefect Loop,tower.gif
American Flag in Cemetary Cinemagaph Perfect Loop,American Flag in Cemetary Cinemagaph Perfect Loop,cemetary-flag.gif
Apollo Moon Landing Cinemagaph Perfect Loop,Apollo Moon Landing Cinemagaph Perfect Loop,apollo-moon-landing-cinemagraph.gif
Artist Painting Cinemagraph Perfect Loop,Artist Painting Cinemagraph Perfect Loop,artist-painting.gif
Bald Eagle Cinemagraph Perfect Loop,Bald Eagle Cinemagraph Perfect Loop,bald-eagle-cinemagraph.gif
Beach Waves Cinemagraph Perfect Loop,Beach Waves Cinemagraph Perfect Loop,beach-waves.gif
Beer Bubbles Cinemagraph Perfect Loop,Beer Bubbles Cinemagraph Perfect Loop,beer-bubbles.gif
Beer Foam Cinemagraph Perfect Loop,Beer Foam Cinemagraph Perfect Loop,beer-foam.gif
Beer Pour Cinemagraph Perfect Loop,Beer Pour Cinemagraph Perfect Loop,beer-pour.gif
Birds on Post Cinemagraph Perfect Loop,Birds on Post Cinemagraph Perfect Loop,birds-on-post.gif
Blinking Stoplight Cinemagaph Perfect Loop,Blinking Stoplight Cinemagaph Perfect Loop,stoplight.gif
Blue Caribbean Wate Cinemagraph Perfect Loop,Blue Caribbean Wate Cinemagraph Perfect Loop,caribbean.gif
Cappuccino Pour Cinemagraph Perfect Loop,Cappuccino Pour Cinemagraph Perfect Loop,cappuccino-pour.gif
Carpenter Graving Wood Cinemagraph Perfect Loop,Carpenter Graving Wood Cinemagraph Perfect Loop,carpenter-graving.gif
Chainsaw Cinemagraph Perfect Loop,Chainsaw Cinemagraph Perfect Loop,chainsaw.gif
Cigarette Burning Cinemagraph Perfect Loop,Cigarette Burning Cinemagraph Perfect Loop,cigarette-burning.gif
Coffee Pour Cinemagraph Perfect Loop,Coffee Pour Cinemagraph Perfect Loop,coffee-pour.gif
Coin Spin Cinemagraph Perfect Loop,Coin Spin Cinemagraph Perfect Loop,coin-spin.gif
Coke Bubbles Cinemagraph Perfect Loop,Coke Bubbles Cinemagraph Perfect Loop,coke-bubbles.gif
Combine Harvest Cinemagraph Perfect Loop,Combine Harvest Cinemagraph Perfect Loop,combine-harvest-cinemagraph.gif
Couple at Sunset Cinemagraph Perfect Loop,Couple at Sunset Cinemagraph Perfect Loop,couple-at-sunset-cinemagraph.gif
Cow Laying in Peaceful Field Cinemagraph Perfect Loop,Cow Laying in Peaceful Field Cinemagraph Perfect Loop,cow.gif
Cows Eating Cinemagraph Perfect Loop,Cows Eating Cinemagraph Perfect Loop,cows-eating-cinemagraph.gif
Creamer Pour Cinemagrpah Perfect Loop,Creamer Pour Cinemagrpah Perfect Loop,creamer-pour-cinemagraph.gif
Crosswalk Cinemagraph Perfect Loop,Crosswalk Cinemagraph Perfect Loop,cross-walk-cinemagraph.gif
Deer Silhouette Cinemagraph Perfect Loop,Deer Silhouette Cinemagraph Perfect Loop,deer-silouhette-cinemagraph.gif
Dog Lapping Water Cinemagraph Perfect Loop,Dog Lapping Water Cinemagraph Perfect Loop,dog-water.gif
Doll in Water Creepy Cinemagaph Perfect Loop,Doll in Water Creepy Cinemagaph Perfect Loop,doll-in-water-cinemagaph.gif
Downspout Cinemagraph Perfect Loop,Downspout Cinemagraph Perfect Loop,downspout.gif
Dripping Sink Cinemagaph Perfect Loop,Dripping Sink Cinemagaph Perfect Loop,sink-drip.gif
Dryer Spinning Cinemagraph Perfect Loop,Dryer Spinning Cinemagraph Perfect Loop,dryer.gif
Duck Shaking Butt Cinemagraph Perfect Loop,Duck Shaking Butt Cinemagraph Perfect Loop,duck-dance.gif
Endless Train Cinemagaph Perfect Loop,Endless Train Cinemagaph Perfect Loop,train.gif
Escalator Cinemagraph Perfect Loop,Escalator Cinemagraph Perfect Loop,escalator-down.gif
Ferris Wheel Cinemagaph Perfect Loop,Ferris Wheel Cinemagaph Perfect Loop,ferris-wheel.gif
Fountain Couple Cinemagraph Perfect Loop,Fountain Couple Cinemagraph Perfect Loop,fountain-couple-cinemagaph.gif
Gas Burner Cinemagraph Perfect Loop,Gas Burner Cinemagraph Perfect Loop,burner.gif
Guiness Beer Pour Cinemagraph Perfect Loop,Guinness Beer Pour Cinemagraph Perfect Loop,guiness-pour-cinemagraph.gif
Hacker Glasses and Eyes Cinemagraph Perfect Loop,Hacker Glasses and Eyes Cinemagraph Perfect Loop,hacker-glasses-cinemagraph.gif
Ice Melting Cinemagraph Perfect Loop,Ice Melting Cinemagraph Perfect Loop,ice-melting.gif
Lightbulb Cinemagraph Perfect Loop,Lightbulb Cinemagraph Perfect Loop,lightbulb.gif
Man Looking Out Hotel Window Cinemagraph Perfect Loop,Man Looking Out Hotel Window Cinemagraph Perfect Loop,man-looking-out-hotel-window-cinemagraph.gif
Man Standing in Hotel Room Cinemagraph Perfect Loop,Man Standing in Hotel Room Cinemagraph Perfect Loop,man-standing-in-hotel-room-cinemagraph.gif
Moon Landing Cinemagraph Perfect Loop,Moon Landing Cinemagraph Perfect Loop,moon-landing-cinemagraph.gif
Poolside Cinemagraph Perfect Loop,Poolside Cinemagraph Perfect Loop,poolside.gif
Radio Broadcast Cinemagraph Perfect Loop,Radio Broadcast Cinemagraph Perfect Loop,radio-broadcast.gif
Radio Scanning Back and Forth Cinemagraph Perfect Loop,Radio Scanning Back and Forth Cinemagraph Perfect Loop,radio-scan.gif
Rain Water Leaving Downspout Cinemagaph Perfect Loop,Rain Water Leaving Downspout Cinemagaph Perfect Loop,water-draining.gif
Rain Water on fallen Leaves Cinemagraph Perfect Loop,Rain Water on fallen Leaves Cinemagraph Perfect Loop,water-leaf.gif
Ripples in Wate Near Rock Cinemagraph Perfect Loop,Ripples in Water Near Rock Cinemagraph Perfect Loop,rock-ripple.gif
Running Tap Water Faucet Cinemagraph Perfect Loop,Running Tap Water Faucet Cinemagraph Perfect Loop,tap-water.gif
Rushing River Cinemagraph Perfect Loop,Rushing River Cinemagraph Perfect Loop,rushing-river-cinemagraph.gif
Seagulls Sitting on Posts Cinemagraph Perfect Loop,Seagulls Sitting on Posts Cinemagraph Perfect Loop,seagulls.gif
Sitting by the Sea Cinemagraph Perfect Loop,Sitting by the Sea Cinemagraph Perfect Loop,sitting-by-the-sea-cinemagraph.gif
Sitting Next to a River Cinemagraph Pefect Loop,Sitting Next to a River Cinemagraph Pefect Loop,river-watch.gif
Space Shuttle Launch Cinemagraph Perfect Loop,Space Shuttle Launch Cinemagraph Perfect Loop,shuttle-launch.gif
Standing in the Rain Cinemagraph Perfect Loop,Standing in the Rain Cinemagraph Perfect Loop,standing-in-the-rain.gif
Steam from Pot Cinemagraph Perfect Loop,Steam from Pot Cinemagraph Perfect Loop,steam-from-pot.gif
Stereo Needle Cinemagraph Perfect Loop,Stereo Needle Cinemagraph Perfect Loop,stereo.gif
Subway Car Cinemagaph Perfect Loop,Subway Car Cinemagaph Perfect Loop,subway.gif
Swan on Lake with Ripples Cinemagraph Perfect Loop,Swan on Lake with Ripples Cinemagraph Perfect Loop,swan.gif
Swingset Cinemagraph Perfect Loop,Swingset Cinemagraph Perfect Loop,swings.gif
Time Square Cinemagaph Perfect Loop,Time Square Cinemagaph Perfect Loop,time-square-cinemagraph.gif
Tire Swing Cinemagraph Perfect Loop,Tire Swing Cinemagraph Perfect Loop,tire-swing.gif
Tokyo Crowd Crossing Cinemagaph Perfect Loop,Tokyo Crowd Crossing Cinemagaph Perfect Loop,tokyo-crossing-cinemagaph.gif
Torn Flag Cinemagraph Perfect Loop,Torn Flag Cinemagraph Perfect Loop,torn-flag.gif
Waterfall Cinemagraph Perfect Loop,Waterfall Cinemagraph Perfect Loop,waterfall.gif
Weather Wind Monitor Cinemagraph Perfect Loop,Weather Wind Monitor Cinemagraph Perfect Loop,weather-monitor.gif
Welding Cinemagraph Perfect Loop,Welding Cinemagraph Perfect Loop,welding.gif
Windmill Cinemagaph Pefect Loop,Windmill Cinemagaph Pefect Loop,windmill.gif
Yoga on a Cliff Cinemagraph Perfect Loop,Yoga on a Cliff Cinemagraph Perfect Loop,yoga-cliff.gif