number,number,name,image,video,thumbnail,date,description
1,1,Karl Post Malone,01-malones-sm.jpg,VLzwufN02Hw,20200416-themalones.jpg,,
2,2,Michael Jackson Jordan,02-mikes-sm.jpg,unkmtsFktng,20200417-themikes.jpg,,
3,3,James Hetfield Harden,03-james-sm.jpg,9RuQ9g7czRg,20200417-thejames.jpg,,
4,4,Bill Belichick Gates,04-bills-sm.jpg,-DCXPCqxjMM,20200421-thebills.jpg,,
5,5,Stephen Curry King,05-stephs-sm.jpg,UtQDkv7xDFw,20200422-thestephs.jpg,,
6,6,Dennis Miller Rodman,06-dennis-sm.jpg,v_G3T0DJpoQ,20200423-thedennis.jpg,,
7,7,Shawn Mendes Kemp,07-shawns-sm.jpg,XsGap77nJlU,20200424-theshawns.jpg,,
8,8,John Mayer Stockton,08-johns-sm.jpg,IWz0wBlu3qs,20200427-thejohns.jpg,,
9,9,Christopher Walken Mullin,09-christophers-sm.jpg,IJJvPDA7vrc,20200428-thechris.jpg,,
10,10,David Grohl Robinson,10-davids-sm.jpg,Eo9ZOI-ddq4,20200429-thedavids.jpg,,
11,11,Jay Leno Cutler,11-jays-sm.png,RLHTqSENknw,20200430-jays.jpg,,
12,12,Danny Devito Majerle,12-dans-sm.jpg,FSTNl09JUvc,20200501-dans.jpg,,
13,13,Tom Hanks Brady,13-toms-sm.jpg,Q00lYgWanrE,20200504-toms.jpg,,
14,14,Patrick McAfee Ewing,14-pats-sm.png,TKM1NneWCAY,20200505-pats.jpg,,
15,15,Keith Richards Simmons,15-richards-sm.jpg,bWk7-T0dePY,20200506-richards.jpg,,
16,16,Boy George Foreman,16-georges-sm.jpg,PfSNWHT16RQ,20200507-georges.jpg,,
17,17,Kanye Jerry West,17-wests-sm.jpg,8_tWZ5r9-8E,20200508-wests.jpg,,
18,18,Neil jo Armstrong,18-armstrongs-sm.jpg,3xH3BB6e-hA,20200511-armstrongs.jpg,,
19,19,Bert Kreischer Campaneris,19-berts-sm.jpg,zppNlXsEYUk,20200512-berts.jpg,,
20,20,Tom Jean Segura,20-seguras-sm.jpg,d1qNj0yCW4U,20200513-seguras.jpg,,
21,21,Mick Foley Jagger,21-micks-sm.jpg,jAit4_1W81A,20200514-micks.jpg,,
22,22,Wesley Matthew McConaughey,22-matthews-sm.jpg,9ZHRZMtXUa8,20200515-matthews.jpg,,
23,23,Billie Ray Eilish,23-billies-sm.jpg,SL18O54Ark4,20200518-billies.jpg,,
24,24,Gary Busey Payton,24-garys-sm.jpg,r738zyNHfjw,20200520-garys.jpg,,
25,25,Tiny Tim Tebow,25-tims-sm.jpg,LGU6WdigI7o,20200521-tims.jpg,,
26,26,Travis Scott Walker,26-scotts-sm.jpg,cZ-zt0z2nUg,20200522-scotts.jpg,,
27,27,Larry King Bird,27-larrys-sm.jpg,WneaZ7m-Qg4,20200525-larrys.jpg,,
28,28,Ray Charles Barkley,28-charles-sm.jpg,0inyWi91GRo,20200526-charles.jpg,,
29,29,Chris Paul McCartney,29-pauls-sm.jpg,xeAg-6ZE5Ek,20200528-pauls.jpg,,
30,30,Tim Burton Duncan,30-tims-sm.jpg,IrNs_3au78U,20200529-tims.jpg,,
31,31,Dwayne Wade Johnson,31-dwaynes-sm.jpg,xiWIVhWjahs,20200601-dwaynes.jpg,,
32,32,Bill Hader Nye,32-bills-sm.jpg,Mit5Zvvz3HQ,20200602-bills.jpg,,
33,33,Paul George Harrison,33-georges-sm.jpg,nuQIVn1L438,20200603-georges.jpg,,
34,34,Ringo Bart Starr,34-stars-sm.jpg,W_hVpf-GOFI,20200604-starrs.jpg,,
35,35,John Wall Lennon,35-johns-sm.png,hq_BI9l0k_iI,20200605-johns.jpg,,
36,36,Thurgood Marshall Mathers,36-marshalls-sm.jpg,yUsat0dyKHA,20200608-marshalls.jpg,,
37,37,Kurt Cobain Vonnegut,37-kurts-sm.jpg,55fobQazhUg,20200609-kurts.jpg,,
38,38,Elton John F. Kennedy,38-johns-sm.jpg,Yq2Z-2ajkYE,20200610-johns.jpg,,
39,39,Red George Forman,39-formans-sm.jpg,XTrhH_J8fBA,20200611-foremans.jpg,,
40,40,Willie Nelson Mandela,40-nelsons-sm.jpg,APQWv9l-PIc,20200612-nelsons.jpg,,
41,41,Ben Carson Palmer,41-carsons-sm.jpg,LQTCJSVutCk,20200615-carsons.jpg,,
42,42,Little Richard Nixon,42-richards-sm.jpg,pGnZcpNyrBs,20200616-richards.jpg,,
43,43,Jennifer Laurence Fishburne,43-laurences-sm.jpg,8xXsvnJN67E,20200617-laurences.jpg,,
44,44,Woody Allen Iverson,44-allens-sm.jpg,RkUxamdiK-s,20200618-allens.jpg,,
45,45,Bruce Willis Springsteen,45-bruce-sm.jpg,4QRf9zxGNEs,20200619-bruces.jpg,,